<?xml version="1.0" encoding="UTF-8"?>
<rss version="2.0" xmlns:ror="http://rorweb.com/0.1/" >
<channel>
  <title>ROR Sitemap for https://rextense.com/</title>
  <link>https://rextense.com/</link>

<item>
     <link>https://rextense.com/</link>
     <title>REXTENSE : pose d'extensions cheveux à gargenville</title>
     <description>Spécialiste des extensions de cheveux 100% Naturels ! Pose sur mesure d’extensions à clips non dommageable pour vos cheveux. Les extensions capillaires vous font rêver, n’hésitez pas !</description>
     <ror:updatePeriod></ror:updatePeriod>
     <ror:sortOrder>0</ror:sortOrder>
     <ror:resourceOf>sitemap</ror:resourceOf>
</item>
<item>
     <link>https://rextense.com/index.html</link>
     <title>REXTENSE : pose d'extensions cheveux à gargenville</title>
     <description>Spécialiste des extensions de cheveux 100% Naturels ! Pose sur mesure d’extensions à clips non dommageable pour vos cheveux. Les extensions capillaires vous font rêver, n’hésitez pas !</description>
     <ror:updatePeriod></ror:updatePeriod>
     <ror:sortOrder>1</ror:sortOrder>
     <ror:resourceOf>sitemap</ror:resourceOf>
</item>
<item>
     <link>https://rextense.com/extensions-naturelles.html</link>
     <title>R'EXTENSE : pose d'extensions cheveux à gargenville</title>
     <description>Spécialiste des extensions de cheveux 100% Naturels ! Pose sur mesure d’extensions à clips non dommageable pour vos cheveux. Les extensions capillaires vous font rêver, n’hésitez pas !</description>
     <ror:updatePeriod></ror:updatePeriod>
     <ror:sortOrder>1</ror:sortOrder>
     <ror:resourceOf>sitemap</ror:resourceOf>
</item>
<item>
     <link>https://rextense.com/shampoings-soins.html</link>
     <title>R'EXTENSE : pose d'extensions cheveux à gargenville</title>
     <description>Spécialiste des extensions de cheveux 100% Naturels ! Pose sur mesure d’extensions à clips non dommageable pour vos cheveux. Les extensions capillaires vous font rêver, n’hésitez pas !</description>
     <ror:updatePeriod></ror:updatePeriod>
     <ror:sortOrder>1</ror:sortOrder>
     <ror:resourceOf>sitemap</ror:resourceOf>
</item>
<item>
     <link>https://rextense.com/entretien.html</link>
     <title>R'EXTENSE : pose d'extensions cheveux à gargenville</title>
     <description>Spécialiste des extensions de cheveux 100% Naturels ! Pose sur mesure d’extensions à clips non dommageable pour vos cheveux. Les extensions capillaires vous font rêver, n’hésitez pas !</description>
     <ror:updatePeriod></ror:updatePeriod>
     <ror:sortOrder>1</ror:sortOrder>
     <ror:resourceOf>sitemap</ror:resourceOf>
</item>
<item>
     <link>https://rextense.com/photos.html</link>
     <title>R'EXTENSE : pose d'extensions cheveux à gargenville</title>
     <description>Spécialiste des extensions de cheveux 100% Naturels ! Pose sur mesure d’extensions à clips non dommageable pour vos cheveux. Les extensions capillaires vous font rêver, n’hésitez pas !</description>
     <ror:updatePeriod></ror:updatePeriod>
     <ror:sortOrder>1</ror:sortOrder>
     <ror:resourceOf>sitemap</ror:resourceOf>
</item>
<item>
     <link>https://rextense.com/prestations-rdv.html</link>
     <title>R'EXTENSE : pose d'extensions cheveux à gargenville</title>
     <description>Spécialiste des extensions de cheveux 100% Naturels ! Pose sur mesure d’extensions à clips non dommageable pour vos cheveux. Les extensions capillaires vous font rêver, n’hésitez pas !</description>
     <ror:updatePeriod></ror:updatePeriod>
     <ror:sortOrder>1</ror:sortOrder>
     <ror:resourceOf>sitemap</ror:resourceOf>
</item>
</channel>
</rss>
  